Sample IDs,Horn,Month,Sex,P202ID,P80kbID,P219ID,P5ID,PG1855898A,PC1768587A,PG1654405A,D-loop
P1023,Polled,36,Female,W/M,W/W,W/W,W/W,G/G,C/C,G/G,B. taurus
P1170,Polled,6,Male,W/M,W/W,W/W,W/W,G/G,C/C,G/G,B. taurus
P1190,Polled,5,Male,W/M,W/W,W/W,W/W,G/G,C/C,G/G,B. indicus
P1025,Polled,60,Female,W/W,W/W,W/M,W/W,G/G,C/C,G/G,B. taurus
P1137,Polled,12,Female,W/M,W/W,W/W,W/W,G/G,C/C,G/G,B. taurus
P0004,Polled,！,Male,W/M,W/W,W/W,W/W,G/G,C/C,G/G,B. taurus
P4152,Polled,36,Female,W/M,W/W,W/W,W/W,G/G,C/C,G/G,B. taurus
P1129,Polled,6,Female,W/M,W/W,W/W,W/W,G/G,C/C,G/G,B. indicus
P1010,Polled,5,Female,W/M,W/W,W/W,W/W,G/G,C/C,G/G,B. indicus
P1048,Polled,30,Female,W/M,W/W,W/W,W/W,G/G,C/C,G/G,B. taurus
P1166,Polled,7,Male,W/M,W/W,W/W,W/W,G/G,C/C,G/G,B. indicus
P1005,Polled,9,Male,W/M,M/M,W/W,W/M,G/G,C/A,G/A,B. indicus
P1037,Polled,13,Male,W/W,M/M,W/W,W/M,G/G,C/A,G/G,B. indicus
P1083,Polled,3,Male,W/W,W/W,W/M,W/W,G/G,C/C,G/G,B. taurus
P1172,Polled,6,Female,W/M,W/W,W/W,W/W,G/G,C/C,G/G,B. indicus
P0005,Polled,！,Male,W/M,W/W,W/W,W/W,G/G,C/C,G/G,B. taurus
P3835,Polled,32,Female,W/M,W/W,W/W,W/W,G/G,C/C,G/G,B. indicus
P1082,Polled,18,Male,M/M,W/W,W/W,W/W,G/G,C/C,G/G,B. taurus
P7760,Polled,46,Female,W/W,W/W,W/M,W/W,G/G,C/C,G/G,B. indicus
P1002,Polled,12,Female,M/M,W/W,W/W,W/W,G/G,C/C,G/G,B. indicus
P0040,Polled,4,Female,W/W,W/W,W/W,W/W,G/G,C/C,G/G,B. taurus
P1171,Polled,7,Female,W/M,W/W,W/W,W/W,G/G,C/C,G/G,B. taurus
P1080,Polled,3,Female,W/M,W/W,W/W,W/W,G/G,C/C,G/G,B. taurus
P1028,Polled,5,Male,W/M,W/W,W/W,W/W,G/G,C/C,G/G,B. taurus
P1027,Polled,12,Female,W/M,W/W,W/W,W/W,G/G,C/C,G/G,B. taurus
P1041,Polled,17,Female,W/W,W/W,W/M,W/W,G/G,C/C,G/G,B. indicus
P1012,Polled,6,Male,W/M,W/W,W/W,W/W,G/G,C/C,G/G,B. taurus
P1031,Polled,5,Female,W/M,W/W,W/W,W/W,G/G,C/C,G/G,B. taurus
P1001,Polled,40,Female,W/M,W/W,W/W,W/W,G/G,C/C,G/G,B. taurus
P1026,Polled,30,Female,W/M,W/W,W/W,W/W,G/G,C/C,G/G,B. indicus
P1015,Polled,40,Female,W/M,W/W,W/W,W/W,G/G,C/C,G/G,B. taurus
P1013,Polled,9,Male,W/W,M/M,W/W,W/W,G/G,C/A,A/A,B. taurus
P4191,Polled,40,Female,W/W,M/M,W/W,W/M,G/G,C/A,G/A,B. taurus
P1072,Polled,30,Female,W/M,W/W,W/W,W/W,G/G,C/C,G/G,B. indicus
P3483,Polled,！,Male,W/M,W/W,W/W,W/W,G/G,C/C,G/G,B. indicus
P1084,Polled,5,Male,W/M,W/W,W/W,W/W,G/G,C/C,G/G,B. taurus
P1029,Polled,48,Female,W/M,W/W,W/W,W/W,G/G,C/C,G/G,B. taurus
P1087,Polled,5,Female,W/M,W/W,W/W,W/W,G/G,C/C,G/G,B. indicus
P1069,Polled,6,Male,W/M,W/W,W/W,W/W,G/G,C/C,G/G,B. taurus
P1014,Polled,4,Female,W/M,W/W,W/W,W/W,G/G,C/C,G/G,B. taurus
P7758,Polled,36,Female,W/M,W/W,W/W,W/W,G/G,C/C,G/G,B. taurus
P2050,Polled,6,Male,W/M,W/W,W/W,W/W,G/G,C/C,G/G,B. indicus
P1039,Polled,64,Female,W/W,W/W,W/M,W/W,G/G,C/C,G/G,B. taurus
P1184,Polled,12,Female,W/M,W/W,W/W,W/W,G/G,C/C,G/G,B. indicus
P1038,Polled,6,Female,M/M,W/W,W/W,W/W,G/G,C/C,G/G,B. taurus
P1071,Polled,6,Male,W/M,W/W,W/W,W/W,G/G,C/C,G/G,B. taurus
P1048,Polled,5,Female,W/M,W/W,W/W,W/W,G/G,C/C,G/G,B. taurus
P1177,Polled,36,Female,W/M,W/W,W/W,W/W,G/G,C/C,G/G,B. taurus
H3847,Horned,！,Male,W/W,W/W,W/W,W/W,G/G,C/C,G/G,B. taurus
H7652,Horned,36,Female,W/W,W/W,W/W,W/W,G/G,C/C,G/G,B. taurus
H0002,Horned,！,Male,W/W,W/W,W/W,W/W,G/G,C/C,G/G,B. taurus
H4859,Horned,！,Female,W/W,W/W,W/W,W/W,G/G,C/C,G/G,B. taurus
H3752,Horned,！,Female,W/W,W/W,W/W,W/W,G/G,C/C,G/G,B. taurus
H3838,Horned,6,Male,W/W,W/W,W/W,W/W,G/G,C/C,G/G,B. indicus
H3799,Horned,！,Female,W/W,W/W,W/W,W/W,G/G,C/C,G/G,B. taurus
H0001,Horned,36,Female,W/W,W/W,W/W,W/W,G/G,C/C,G/G,B. taurus
H3821,Horned,5,Male,W/W,W/W,W/W,W/W,G/G,C/C,G/G,B. taurus
H4865,Horned,！,Female,W/W,W/W,W/W,W/W,G/G,C/C,G/G,B. taurus
H3779,Horned,！,Female,W/W,W/W,W/W,W/W,G/G,C/C,G/G,B. taurus
H3776,Horned,！,Female,W/W,W/W,W/W,W/W,G/G,C/C,G/G,B. taurus
H4896,Horned,！,Female,W/W,W/W,W/W,W/W,G/G,C/C,G/G,B. indicus
H3831,Horned,30,Male,W/W,W/W,W/W,W/W,G/G,C/C,G/G,B. indicus
H0006,Horned,！,Male,W/W,W/W,W/W,W/W,G/G,C/C,G/G,B. indicus
H4861,Horned,！,Female,W/W,W/W,W/W,W/W,G/G,C/C,G/G,B. indicus
